X,Y,Number,Name,Latitude,Longitude,District,Public_,Total_docks,ObjectId,geometry,element_station2,id_station2,landuse,element_amenity,id_amenity,amenity
-7916449.25419505,5212671.5145918,K32015,1200 Beacon St,42.34414899,-71.11467361,Brookline,Yes,15,1,POINT (-71.11467361 42.34414899),,,,,,
-7923241.99846632,5215761.83871611,W32006,160 Arsenal St,42.36466403,-71.17569387,Watertown,Yes,11,2,POINT (-71.17569387 42.36466403),,,,,,
-7917978.19400525,5215733.29441385,A32019,175 N Harvard St,42.36447457,-71.12840831,Boston,Yes,17,3,POINT (-71.12840831 42.36447457),,,,relation,2415825.0,university
-7915793.86291939,5218121.39090942,S32035,191 Beacon St,42.38032335,-71.10878613,Somerville,Yes,19,4,POINT (-71.10878613 42.38032335),,,,,,
-7914259.53190626,5204349.46890637,C32094,2 Hummingbird Lane at Olmsted Green,42.28887,-71.095003,Boston,Yes,17,5,POINT (-71.095003 42.28887),,,,,,
-7915263.88195568,5218223.57754792,S32023,30 Dane St,42.38100143,-71.10402523,Somerville,Yes,15,6,POINT (-71.10402523 42.38100143),,,,,,
-7915306.93699513,5216686.7909059,M32026,359 Broadway - Broadway at Fayette Street,42.370803,-71.104412,Cambridge,Yes,23,7,POINT (-71.104412 42.370803),,,,way,1159667490.0,school
-7915491.40341013,5218559.01933548,S32049,515 Somerville Ave (Temp. Winter Location),42.38322727,-71.10606909,Somerville,Yes,19,8,POINT (-71.10606909 42.38322727),,,,,,
-7919707.84174415,5219703.51021811,M32088,55 Wheeler Street,42.390821,-71.143946,Cambridge,Yes,23,9,POINT (-71.143946 42.390821),,,residential,,,
-7916957.58240461,5201224.51067718,C32106,555 Metropolitan Ave,42.2681,-71.11924,Boston,Yes,18,10,POINT (-71.11924 42.2681),,,,,,
-7915898.37744972,5203884.49655678,C32105,606 American Legion Hwy at Canterbury St,42.28578,-71.109725,Boston,Yes,18,11,POINT (-71.109725 42.28578),,,,,,
-7908122.17334467,5212314.85603592,C32091,645 Summer St,42.34178089,-71.03987017,Boston,Yes,19,12,POINT (-71.03987017 42.34178089),,,,,,
-7920238.85129996,5217319.55464976,M32054,699 Mt Auburn St,42.37500235,-71.14871614,Cambridge,Yes,25,13,POINT (-71.14871614 42.37500235),,,grass,,,bicycle_rental
-7911279.4701759,5222810.63495878,V32001,7 Acre Park,42.41143223,-71.06823265,Everett,Yes,15,14,POINT (-71.06823265 42.41143223),,,,,,
-7915251.63792488,5213493.96340703,B32060,700 Commonwealth Ave.,42.34960945,-71.10391524,Boston,Yes,16,15,POINT (-71.10391524 42.34960945),,,,,,university
-7920841.39810015,5218191.43915247,M32060,700 Huron Ave,42.38078817,-71.15412891,Cambridge,Yes,19,16,POINT (-71.15412891 42.38078817),,,,,,social_facility
-7912604.72314782,5215888.88646318,M32064,75 Binney St,42.36550729,-71.0801376,Cambridge,Yes,19,17,POINT (-71.0801376 42.36550729),,,commercial,,,bicycle_rental
-7919707.2851467,5220122.38249317,M32058,84 Cambridgepark Dr,42.3936,-71.143941,Cambridge,Yes,27,18,POINT (-71.143941 42.3936),way,1280717534.0,residential,,,bicycle_rental
-7906345.40963128,5220848.59180053,H32006,855 Broadway,42.39841773,-71.02390923,Chelsea,Yes,11,19,POINT (-71.02390923 42.39841773),,,,,,
-7919738.23641792,5220366.85179704,M32084,87-101 Cambridgepark Drive,42.39522187,-71.14421904,Cambridge,Yes,23,20,POINT (-71.14421904 42.39522187),way,128839031.0,commercial,,,bicycle_rental
-7915927.6322119,5216407.86452531,M32073,955 Mass Ave,42.36895181,-71.1099878,Cambridge,Yes,19,21,POINT (-71.1099878 42.36895181),,,,,,bicycle_rental
-7911358.72408737,5211541.83218866,C32061,Albany St at E. Brookline St,42.33664795,-71.0689446,Boston,Yes,15,22,POINT (-71.0689446 42.33664795),,,,,,
-7919558.68921122,5220422.10987684,M32046,Alewife MBTA at Steel Place,42.39558846,-71.14260614,Cambridge,Yes,19,23,POINT (-71.14260614 42.39558846),,,commercial,,,parking
-7919208.35118896,5220499.97127343,M32033,Alewife Station at Russell Field,42.396105,-71.139459,Cambridge,Yes,23,24,POINT (-71.139459 42.396105),,,railway,node,3061411331.0,bicycle_rental
-7916694.53778745,5202835.99688582,C32079,American Legion Hwy at Cummins Hwy,42.27881158,-71.11687703,Boston,Yes,14,25,POINT (-71.11687703 42.27881158),,,,,,
-7913431.78243662,5215615.52785468,M32059,Ames St at Broadway,42.3636929,-71.0875672,Cambridge,Yes,19,26,POINT (-71.0875672 42.3636929),,,commercial,,,bicycle_rental
-7913504.45180021,5215435.80812532,M32037,Ames St at Main St,42.3625,-71.08822,Cambridge,Yes,19,27,POINT (-71.08822 42.3625),,,grass,,,university
-7909298.73464634,5215125.66590858,B32004,Aquarium T Stop - 200 Atlantic Ave,42.36044136,-71.0504394,Boston,Yes,23,28,POINT (-71.0504394 42.36044136),,,,,,
-7917175.25542371,5204920.69834483,C32048,Archdale Rd at Washington St,42.29266593,-71.12119539,Boston,Yes,15,29,POINT (-71.12119539 42.29266593),,,,,,
-7921233.20151953,5215477.0714975,W32004,Arsenal Yards,42.36277389,-71.15764854,Watertown,Yes,14,30,POINT (-71.15764854 42.36277389),,,,,,
-7910823.75601046,5203871.61609401,C32062,Ashmont T Stop,42.2856944,-71.0641389,Boston,Yes,15,31,POINT (-71.0641389 42.2856944),,,,,,
-7912307.32310941,5219916.31129474,S32018,Assembly Square T,42.39223284,-71.07746601,Somerville,Yes,15,32,POINT (-71.07746601 42.39223284),,,,,,
-7917719.15021059,5223739.24713788,ZZ32996,Auburn St. at Mystic River,42.4175909,-71.12608128,Medford,Yes,11,33,POINT (-71.12608128 42.4175909),,,,,,
-7931264.30324884,5213259.88824315,N32015,Auburndale,42.34805541,-71.24775946,Newton,Yes,15,34,POINT (-71.24775946 42.34805541),,,,,,
-7915737.40946603,5213613.94491203,A32003,B.U. Central - 725 Comm. Ave.,42.350406,-71.108279,Boston,Yes,11,35,POINT (-71.108279 42.350406),,,,,,university
-7912207.59643039,5213262.70637706,C32003,Back Bay T Stop - Dartmouth St at Stuart St,42.34807412,-71.07657015,Boston,Yes,19,36,POINT (-71.07657015 42.34807412),,,,,,
-7924394.32217527,5214625.19236757,N32003,Bacon St at Washington St,42.35711921,-71.18604537,Newton,Yes,11,37,POINT (-71.18604537 42.35711921),,,,,,
-7916053.13603221,5220991.86318229,S32007,Ball Sq,42.39936816,-71.11111522,Somerville,Yes,19,38,POINT (-71.11111522 42.39936816),,,,,,
-7913720.21123726,5210459.92554216,B32055,Bartlett St at John Elliot Sq,42.3294633,-71.0901582,Boston,Yes,15,39,POINT (-71.0901582 42.3294633),,,,,,
-7909723.9906859,5206577.45286316,C32108,Beach St at Freeport St,42.30367409,-71.05425954,Boston,Yes,19,40,POINT (-71.05425954 42.30367409),,,,,,
-7926691.81620268,5210550.12475727,N32012,Beacon at Walnut,42.33006232,-71.20668411,Newton,Yes,15,41,POINT (-71.20668411 42.33006232),,,,,,
-7911459.40143484,5214464.42548043,D32024,Beacon St at Charles St,42.356052,-71.069849,Boston,Yes,19,42,POINT (-71.069849 42.356052),,,,,,
-7919151.33557217,5211785.62515881,K32002,Beacon St at Tappan St,42.3382668,-71.13894682,Brookline,Yes,15,43,POINT (-71.13894682 42.3382668),,,,,,
-7918903.59181902,5203969.64799094,C32059,Belgrade Ave at Walworth St,42.28634589,-71.1367213,Boston,Yes,14,44,POINT (-71.1367213 42.28634589),,,,,,
-7907406.9934837,5220061.50393101,H32002,Bellingham Square,42.39319611,-71.0334456,Chelsea,Yes,11,45,POINT (-71.0334456 42.39319611),,,,,,
-7905486.21463188,5218605.02249365,A32028,Bennington St at Byron St,42.38353252,-71.01619095,Boston,Yes,15,46,POINT (-71.01619095 42.38353252),,,,,,
-7904867.24932,5218859.93453009,A32039,Bennington St at Constitution Beach,42.38522394,-71.01063069,Boston,Yes,15,47,POINT (-71.01063069 42.38522394),,,,,,
-7913697.51764587,5216878.69119494,M32067,Berkshire Street at Cambridge Street,42.37207658,-71.08995434,Cambridge,Yes,19,48,POINT (-71.08995434 42.37207658),,,grass,,,school
-7913294.73033233,5215976.3742153,M32027,Binney St / Sixth St,42.36608797,-71.08633604,Cambridge,Yes,19,49,POINT (-71.08633604 42.36608797),relation,18072197.0,construction,,,bicycle_rental
-7914117.32348316,5202205.46963983,C32044,Blue Hill Ave at Almont St,42.27462067,-71.09372552,Boston,Yes,19,50,POINT (-71.09372552 42.27462067),,,,,,
-7913812.36151174,5203919.40631022,C32092,Blue Hill Ave at Havelock St,42.286012,-71.090986,Boston,Yes,18,51,POINT (-71.090986 42.286012),,,,,,
-7910099.07725735,5214896.47356734,B32008,Boston City Hall - 28 State St,42.35892,-71.057629,Boston,Yes,25,52,POINT (-71.057629 42.35892),,,,,,
-7922284.14656821,5212028.41085241,N32009,Boston College T,42.33987892,-71.16708934,Newton,Yes,17,53,POINT (-71.16708934 42.33987892),,,,,,
-7908733.29508522,5213215.91281048,D32018,Boston Convention and Exhibition Center - Summer St at West Side Dr,42.34776345,-71.04535997,Boston,Yes,23,54,POINT (-71.04535997 42.34776345),,,,,,
-7908250.18074032,5217064.86492424,A32036,Boston East - 126 Border St,42.37331213,-71.04102008,Boston,Yes,15,55,POINT (-71.04102008 42.37331213),,,,,,
-7919455.07748197,5214541.08998018,A32045,Boston Landing,42.35656092,-71.14167538,Boston,Yes,17,56,POINT (-71.14167538 42.35656092),,,,,,
-7910933.24874841,5207206.35030939,B32031,Bowdoin St at Quincy St,42.30785224,-71.06512249,Boston,Yes,15,57,POINT (-71.06512249 42.30785224),,,,,,
-7911527.82507305,5213863.09346147,D32007,Boylston St at Arlington St,42.35206005,-71.07046366,Boston,Yes,31,58,POINT (-71.07046366 42.35206005),,,,,,
-7911842.72898819,5213724.80432392,D32013,Boylston St at Berkeley St,42.35114198,-71.07329249,Boston,Yes,15,59,POINT (-71.07329249 42.35114198),,,,,,
-7912530.16023969,5213490.94637868,D32046,Boylston St at Exeter St,42.34958942,-71.07946779,Boston,Yes,19,60,POINT (-71.07946779 42.34958942),,,,,,
-7912853.13147833,5213372.61576033,C32008,Boylston St at Fairfield St,42.34880382,-71.08236909,Boston,Yes,19,61,POINT (-71.08236909 42.34880382),,,,,,
-7914518.01687707,5212747.0681078,B32034,Boylston St at Jersey St,42.34465063,-71.09732501,Boston,Yes,15,62,POINT (-71.09732501 42.34465063),,,,,,
-7913344.61370935,5213162.10508872,B32018,Boylston St at Massachusetts Ave,42.34740621,-71.08678415,Boston,Yes,15,63,POINT (-71.08678415 42.34740621),,,,,,
-7913833.27733087,5217386.64800344,S32050,Boynton Yards at 101 South Street,42.3754476,-71.09117389,Somerville,Yes,19,64,POINT (-71.09117389 42.3754476),,,,,,
-7907330.95447912,5217184.52101708,A32032,Bremen St at Marion St,42.37410622,-71.03276253,Boston,Yes,11,65,POINT (-71.03276253 42.37410622),,,,,,
-7891406.57330373,5240417.55850537,T32016,Bridge Street Neck,42.52810052,-70.88971138,Salem,Yes,11,66,POINT (-70.88971138 42.52810052),,,,,,
-7915269.8876422,5211237.78385451,B32013,Brigham Circle - Francis St at Huntington Ave,42.33462893,-71.10407918,Boston,Yes,15,67,POINT (-71.10407918 42.33462893),,,,,,
-7920412.03659777,5213394.41854761,D32028,Brighton Center - Washington St at Cambridge St,42.34894857,-71.15027189,Boston,Yes,16,68,POINT (-71.15027189 42.34894857),,,,,,
-7919019.44980545,5215292.03931823,A32005,Brighton Mills - 370 Western Ave,42.36154571,-71.13776207,Boston,Yes,15,69,POINT (-71.13776207 42.36154571),,,,,,
-7912908.98046686,5215517.99154997,M32082,Broad Canal Way at Third Street,42.3630455,-71.08287079,Cambridge,Yes,19,70,POINT (-71.08287079 42.3630455),way,328697527.0,commercial,,,bicycle_rental
-7910779.17589399,5220839.97987927,V32011,Broadway at Beacham St,42.3983606,-71.06373843,Everett,Yes,15,71,POINT (-71.06373843 42.3983606),,,,,,
-7914649.47517695,5220359.2592816,S32016,Broadway at Central St,42.3951715,-71.09850592,Somerville,Yes,19,72,POINT (-71.09850592 42.3951715),,,,,,
-7907118.71385117,5220262.68247437,H32004,Broadway at Gerrish Ave,42.39453079,-71.03085594,Chelsea,Yes,11,73,POINT (-71.03085594 42.39453079),,,,,,
-7913411.64696712,5215680.86749622,Z32998,Broadway at Kittie Knox Bike Path,42.36412659,-71.08738632,Cambridge,Yes,23,74,POINT (-71.08738632 42.36412659),way,833984118.0,commercial,,,bicycle_rental
-7910971.66621788,5220557.03747884,V32004,Broadway at Lynde St,42.39648358,-71.0654676,Everett,Yes,15,75,POINT (-71.0654676 42.39648358),,,,,,
-7909539.76138142,5222646.99846451,V32008,Broadway at Maple St,42.41034691,-71.05260458,Everett,Yes,13,76,POINT (-71.05260458 42.41034691),,,,,,
-7912398.09190901,5218998.20829153,S32014,Broadway St at Mt Pleasant St,42.38614141,-71.0782814,Somerville,Yes,19,77,POINT (-71.0782814 42.38614141),,,,,,
-7910144.19504697,5212505.78062864,C32053,Broadway T Stop,42.34304858,-71.0580343,Boston,Yes,19,78,POINT (-71.0580343 42.34304858),,,,,,
-7917093.8897815,5211107.64519948,K32005,Brookline Town Hall,42.33376473,-71.12046447,Brookline,Yes,15,79,POINT (-71.12046447 42.33376473),,,,,,
-7916626.60840778,5210953.92516982,K32003,Brookline Village - Station Street at MBTA,42.33274392,-71.11626681,Brookline,Yes,19,80,POINT (-71.11626681 42.33274392),,,,,,
-7911371.56701702,5217182.06335742,A32023,Bunker Hill Community College,42.37408991,-71.06905997,Boston,Yes,23,81,POINT (-71.06905997 42.37408991),,,,,,
-7914893.05112836,5212910.08917737,B32020,Burlington Ave at Brookline Ave,42.345733,-71.100694,Boston,Yes,15,82,POINT (-71.100694 42.345733),,,,,,
-7926210.50189395,5215834.8616584,N32011,California at Chapel,42.36514871,-71.20236039,Newton,Yes,12,83,POINT (-71.20236039 42.36514871),,,,,,
-7912166.16888189,5216737.71963799,M32077,Cambridge Crossing at North First Street,42.371141,-71.076198,Cambridge,Yes,23,84,POINT (-71.076198 42.371141),,,flowerbed,,,waste_basket
-7914548.48056892,5216746.19975053,M32052,Cambridge Dept. of Public Works -147 Hampshire St.,42.37119728,-71.09759867,Cambridge,Yes,19,85,POINT (-71.09759867 42.37119728),,,,,,bicycle_rental
-7916048.65876229,5217074.94105743,M32013,Cambridge Main Library at Broadway / Trowbridge St,42.373379,-71.111075,Cambridge,Yes,19,86,POINT (-71.111075 42.373379),,,grass,,,school
-7914197.41563039,5217013.16143544,M32007,Cambridge St - at Columbia St / Webster Ave,42.372969,-71.094445,Cambridge,Yes,15,87,POINT (-71.094445 42.372969),,,grass,,,bicycle_rental
-7910951.61089842,5215248.57721241,D32000,Cambridge St at Joy St,42.36125722,-71.06528744,Boston,Yes,15,88,POINT (-71.06528744 42.36125722),,,,,,
-7912232.37948862,5216124.9461451,M32019,CambridgeSide Galleria - CambridgeSide PL at Land Blvd,42.36707407,-71.07679278,Cambridge,Yes,15,89,POINT (-71.07679278 42.36707407),,,retail,,,bicycle_parking
-7907102.43671523,5220806.07042129,H32001,Cary Square,42.39813565,-71.03070972,Chelsea,Yes,12,90,POINT (-71.03070972 42.39813565),,,,,,
-7910387.63964138,5202955.76375233,C23109,Cedar Grove T Stop,42.2796076,-71.0602212,Boston,Yes,18,91,POINT (-71.0602212 42.2796076),,,,,,
-7915427.49600366,5216027.30364475,M32012,Central Sq Post Office / Cambridge City Hall at Mass Ave / Pleasant St,42.366426,-71.105495,Cambridge,Yes,17,92,POINT (-71.105495 42.366426),,,civic_admin,,,bicycle_rental
-7915160.88582321,5215823.00300041,M32011,Central Square at Mass Ave / Essex St,42.36507,-71.1031,Cambridge,Yes,19,93,POINT (-71.1031 42.36507),,,,,,taxi
-7908045.95511571,5217386.87855526,A32041,Central Square East Boston,42.37544913,-71.03918549,Boston,Yes,15,94,POINT (-71.03918549 42.37544913),,,,,,
-7925217.7223924,5211479.76488775,N32018,Centre St at Commonwealth Ave,42.3362358,-71.1934421,Newton,Yes,11,95,POINT (-71.1934421 42.3362358),,,,,,
-7921193.12316326,5203432.93994924,C32086,Centre St at Parkway YMCA,42.28277901,-71.15728851,Boston,Yes,17,96,POINT (-71.15728851 42.28277901),,,,,,
-7920765.5494519,5203967.55640049,C32085,Centre St at W. Roxbury Post Office,42.28633199,-71.15344755,Boston,Yes,19,97,POINT (-71.15344755 42.28633199),,,,,,
-7924435.962344,5214417.93026719,N32000,Centre St at Washington St,42.35574335,-71.18641943,Newton,Yes,11,98,POINT (-71.18641943 42.35574335),,,,,,
-7911608.63857059,5215178.63661909,D32016,Charles Circle - Charles St at Cambridge St,42.36079297,-71.07118962,Boston,Yes,19,99,POINT (-71.07118962 42.36079297),,,,,,
-7909785.49025178,5217187.28305963,D32039,Charlestown Navy Yard,42.37412455,-71.054812,Boston,Yes,23,100,POINT (-71.054812 42.37412455),,,,,,
-7907977.45911983,5219613.93666105,H32003,Chelsea Square,42.39022671,-71.03857018,Chelsea,Yes,11,101,POINT (-71.03857018 42.39022671),,,,,,
-7908950.86235081,5221595.05794761,V32016,Chelsea St at Vine St,42.40336946,-71.04731441,Everett,Yes,11,102,POINT (-71.04731441 42.40336946),,,,,,
-7908122.35368224,5220539.20519478,H32005,Chelsea Station,42.39636528,-71.03987179,Chelsea,Yes,11,103,POINT (-71.03987179 42.39636528),,,,,,
-7911699.40180421,5216863.65340556,M32049,Child Street at Brian P. Murphy Staircase,42.37197678,-71.07200496,Cambridge,Yes,23,104,POINT (-71.07200496 42.37197678),,,grass,,,bicycle_rental
-7910292.55053235,5213757.04203505,D32015,Chinatown Gate Plaza,42.351356,-71.059367,Boston,Yes,19,105,POINT (-71.059367 42.351356),,,,,,
-7910661.24068586,5213915.65642609,D32019,Chinatown T Stop,42.352409,-71.062679,Boston,Yes,19,106,POINT (-71.062679 42.352409),,,,,,
-7913237.70469678,5212598.74346825,B32005,Christian Science Plaza - Massachusetts Ave at Westland Ave,42.34366582,-71.08582377,Boston,Yes,19,107,POINT (-71.08582377 42.34366582),,,,,,
-7917004.81637775,5217219.63503101,M32087,Church St,42.37433925,-71.11966431,Cambridge,Yes,15,108,POINT (-71.11966431 42.37433925),way,773824787.0,retail,,,bicycle_rental
-7913893.98875475,5205579.16133862,C32099,Circuit Drive at American Legion Hwy,42.29704126,-71.09171927,Boston,Yes,19,109,POINT (-71.09171927 42.29704126),,,,,,
-7918427.66760003,5222037.16189525,S32010,Clarendon Hill at Broadway,42.406302,-71.132446,Somerville,Yes,15,110,POINT (-71.132446 42.406302),,,,,,
-7917536.44375674,5199344.31471842,C32104,Cleary Sq,42.2556,-71.12444,Boston,Yes,16,111,POINT (-71.12444 42.2556),,,,,,
-7920450.25369215,5211375.44635567,B32035,Cleveland Circle,42.33554308,-71.1506152,Boston,Yes,15,112,POINT (-71.1506152 42.33554308),,,,,,
-7909834.16692552,5215165.05833613,D32057,Clinton St at North St,42.36070284,-71.05524927,Boston,Yes,18,113,POINT (-71.05524927 42.36070284),,,,,,
-7911599.88663222,5204122.41208343,C32055,Codman Square Library,42.2873611,-71.071111,Boston,Yes,17,114,POINT (-71.071111 42.2873611),,,,,,
-7914884.68435543,5212063.98315699,B32006,Colleges of the Fenway - Fenway at Avenue Louis Pasteur,42.34011512,-71.10061884,Boston,Yes,14,115,POINT (-71.10061884 42.34011512),,,,,,
-7911799.03720125,5207465.2216611,B32029,Columbia Rd at Ceylon St,42.309572,-71.0729,Boston,Yes,15,116,POINT (-71.0729 42.309572),,,,,,
-7909316.71608369,5210575.48073618,C32052,Columbia Rd at Tierney Community Center,42.33023071,-71.05060093,Boston,Yes,19,117,POINT (-71.05060093 42.33023071),,,,,,
-7912197.74131587,5212760.86733792,C32077,Columbus Ave at W. Canton St,42.34474225,-71.07648162,Boston,Yes,19,118,POINT (-71.07648162 42.34474225),,,,,,
-7916934.74966386,5213807.6567584,A32002,Commonwealth Ave at Agganis Way,42.35169202,-71.11903489,Boston,Yes,15,119,POINT (-71.11903489 42.35169202),,,,,,university
-7917182.72162196,5213785.86506989,K32006,Commonwealth Ave At Babcock St,42.35154735,-71.12126246,Brookline,Yes,15,120,POINT (-71.12126246 42.35154735),,,,,,university
-7920569.68392104,5212083.76183782,D32033,Commonwealth Ave at Chiswick Rd,42.34024645,-71.15168806,Boston,Yes,19,121,POINT (-71.15168806 42.34024645),,,,,,
-7918461.84602329,5213436.0089157,A32017,Commonwealth Ave at Griggs St,42.34922469,-71.13275303,Boston,Yes,15,122,POINT (-71.13275303 42.34922469),,,,,,
-7919265.47701205,5213305.55988933,D32034,Commonwealth Ave at Kelton St,42.34835863,-71.13997217,Boston,Yes,15,123,POINT (-71.13997217 42.34835863),,,,,,
-7893249.98176986,5239214.55325393,T32013,Community Life Center,42.520136,-70.906271,Salem,Yes,9,124,POINT (-70.906271 42.520136),,,,,,
-7916077.8189029,5220193.56398532,S32022,Community Path at Cedar Street,42.39407224,-71.11133695,Somerville,Yes,15,125,POINT (-71.11133695 42.39407224),,,,,,
-7915437.73739681,5219960.34801738,S32040,Community Path at Lowell St,42.392525,-71.105587,Somerville,Yes,19,126,POINT (-71.105587 42.392525),,,,,,
-7920814.54672577,5219688.13634568,M32074,Concord Ave at Spinelli Place,42.390719,-71.1538877,Cambridge,Yes,19,127,POINT (-71.1538877 42.390719),way,1242533799.0,grass,,,bicycle_rental
-7910087.21505241,5215122.10902811,D32009,Congress St at Boston City Hall,42.36041775,-71.05752244,Boston,Yes,23,128,POINT (-71.05752244 42.36041775),,,,,,
-7907873.91195588,5213266.60447069,C32032,Congress St at Northern Ave,42.3481,-71.03764,Boston,Yes,15,129,POINT (-71.03764 42.3481),,,,,,
-7915766.0987252,5218621.0622387,S32004,Conway Park - Somerville Avenue,42.38363895,-71.10853672,Somerville,Yes,23,130,POINT (-71.10853672 42.38363895),,,,,,
-7915674.13546746,5218593.71647153,S32045,Conway Park @ Bleachery Ct (Temp Winter Station),42.3834575,-71.1077106,Somerville,Yes,19,131,POINT (-71.1077106 42.3834575),,,,,,
-7917413.76967788,5212287.31160789,K32001,Coolidge Corner - Beacon St at Centre St,42.341598,-71.123338,Brookline,Yes,19,132,POINT (-71.123338 42.341598),,,,,,
-7921142.22789207,5216878.62037563,W32001,Coolidge Sq.,42.37207611,-71.15683131,Watertown,Yes,12,133,POINT (-71.15683131 42.37207611),,,,,,
-7912299.09214626,5213541.98745809,D32005,Copley Square - Dartmouth St at Boylston St,42.34992828,-71.07739207,Boston,Yes,28,134,POINT (-71.07739207 42.34992828),,,,,,
-7909925.19621273,5215482.66238264,D32010,Cross St at Hanover St,42.362811,-71.056067,Boston,Yes,19,135,POINT (-71.056067 42.362811),,,,,,
-7914533.2476098,5201508.59858563,Z32999,Cummins Highway at Blue Hill Ave T Stop,42.26998847,-71.09746183,Boston,Yes,14,136,POINT (-71.09746183 42.26998847),,,,,,
-7916533.45514469,5207387.24761808,E32001,Curtis Hall - South St at Centre St,42.309054,-71.11543,Boston,Yes,15,137,POINT (-71.11543 42.309054),,,,,,
-7917639.10481754,5210215.97396012,K32009,Cypress St at Clark Playground,42.32784317,-71.12536222,Brookline,Yes,15,138,POINT (-71.12536222 42.32784317),,,,,,
-7915717.42984382,5215327.40242468,M32030,Dana Park,42.36178044,-71.10809952,Cambridge,Yes,19,139,POINT (-71.10809952 42.36178044),,,,,,bicycle_rental
-7918465.73886588,5219423.92065793,M32031,Danehy Park,42.388966,-71.132788,Cambridge,Yes,17,140,POINT (-71.132788 42.388966),,,commercial,node,3061424940.0,bicycle_rental
-7918465.73886588,5219423.92065793,M32031,Danehy Park,42.388966,-71.132788,Cambridge,Yes,17,140,POINT (-71.132788 42.388966),,,commercial,way,31125677.0,parking
-7919159.37061301,5219497.773701,M32075,Danehy Park at New Street,42.389456,-71.139019,Cambridge,Yes,19,141,POINT (-71.139019 42.389456),,,,,,
-7912347.63189703,5213697.60977155,D32045,Dartmouth St at Newbury St,42.35096144,-71.07782811,Boston,Yes,19,142,POINT (-71.07782811 42.35096144),,,,,,
-7917378.81535778,5220630.20898321,S32006,Davis Square,42.396969,-71.123024,Somerville,Yes,25,143,POINT (-71.123024 42.396969),,,,,,
-7906771.06976059,5217966.42069676,A32051,Day Sq,42.379295,-71.027733,Boston,Yes,16,144,POINT (-71.027733 42.379295),,,,,,
-7914513.24015772,5213438.88283315,B32037,Deerfield St at Commonwealth Ave,42.34924377,-71.0972821,Boston,Yes,19,145,POINT (-71.0972821 42.34924377),,,,relation,6587738.0,university
-7891593.48540794,5239208.53900567,T32018,Derby Street,42.52009618,-70.89139044,Salem,Yes,11,146,POINT (-70.89139044 42.52009618),,,,,,
-7920155.93720364,5220771.77970917,M32066,Discovery Park - 30 Acorn Park Drive,42.39790817,-71.14797131,Cambridge,Yes,23,147,POINT (-71.14797131 42.39790817),way,129132330.0,commercial,,,bicycle_rental
-7910070.94348244,5212655.17617052,C32009,Dorchester Ave at Gillette Park,42.34404051,-71.05737627,Boston,Yes,15,148,POINT (-71.05737627 42.34404051),,,,,,
-7910649.21818085,5204778.04614537,C32066,Dorchester Ave at King St,42.291718,-71.062571,Boston,Yes,15,149,POINT (-71.062571 42.291718),,,,,,
-7913019.73556784,5210517.09839161,B32017,Dudley Square - Bolling Building,42.32984299,-71.08386572,Boston,Yes,0,150,POINT (-71.08386572 42.32984299),,,,,,
-7912072.21523166,5209838.01673451,C32015,Dudley Town Common - Mt Pleasant Ave at Blue Hill Ave,42.325333,-71.075354,Boston,Yes,15,151,POINT (-71.075354 42.325333),,,,,,
-7908073.28516389,5216495.88593797,A32031,East Boston Neighborhood Health Center - 20 Maverick Square,42.369536,-71.039431,Boston,Yes,16,152,POINT (-71.039431 42.369536),,,,,,
-7912944.19861416,5219222.27614939,S32017,East Somerville Library (Broadway and Illinois),42.38762811,-71.08318716,Somerville,Yes,15,153,POINT (-71.08318716 42.38762811),,,,,,
-7913384.65978297,5219153.92938919,S32038,Edgerly Education Center,42.38717463,-71.08714389,Somerville,Yes,15,154,POINT (-71.08714389 42.38717463),,,,,,
-7911321.14262728,5217916.69091893,A32022,Edwards Playground - Main St at Eden St,42.378965,-71.068607,Boston,Yes,19,155,POINT (-71.068607 42.378965),,,,,,
-7911471.42393985,5216548.47105789,M32034,EF - North Point Park,42.369885,-71.069957,Cambridge,Yes,23,156,POINT (-71.069957 42.369885),,,grass,node,3061424264.0,bicycle_rental
-7914663.73297733,5208386.50796897,E32004,Egleston Square - Atherton St at Washington St,42.315692,-71.098634,Boston,Yes,15,157,POINT (-71.098634 42.315692),,,,,,
-7911748.67626362,5220076.05240815,V32005,Encore,42.39329263,-71.0724476,Everett,Yes,15,158,POINT (-71.0724476 42.39329263),,,,,,
-7893168.05062464,5238623.56821871,T32011,Essex St at Dalton Parkway,42.516223,-70.905535,Salem,Yes,11,159,POINT (-70.905535 42.516223),,,,,,
-7909967.8326909,5222144.80927099,V32003,Everett Square (Broadway at Chelsea St),42.40701602,-71.05645001,Everett,Yes,14,160,POINT (-71.05645001 42.40701602),,,,,,
-7908645.51187437,5214063.50460337,A32000,Fan Pier,42.35339051,-71.0445714,Boston,Yes,15,161,POINT (-71.0445714 42.35339051),,,,,,
-7906461.26761772,5211052.72156154,C32051,Farragut Rd at E. 6th St,42.3334,-71.02495,Boston,Yes,23,162,POINT (-71.02495 42.3334),,,,,,
-7910439.79950199,5205969.29921478,C32041,Fields Corner T Stop,42.29963349,-71.06068976,Boston,Yes,15,163,POINT (-71.06068976 42.29963349),,,,,,
-7913443.91292153,5211173.72023527,B32064,Flat 9 at Whittier,42.33420351,-71.08767617,Boston,Yes,15,164,POINT (-71.08767617 42.33420351),,,,,,
-7912669.20496286,5220034.71772895,S32047,Foley St at Grand Union Blvd,42.3930184,-71.08071685,Somerville,Yes,19,165,POINT (-71.08071685 42.3930184),,,,,,
-7916401.98682606,5206163.38006385,E32010,Forest Hills,42.300923,-71.114249,Boston,Yes,40,166,POINT (-71.114249 42.300923),,,,,,
-7891096.95149843,5237139.39688135,T32010,Forest River Park,42.506395,-70.88693,Salem,Yes,11,167,POINT (-70.88693 42.506395),,,,,,
-7913759.48475361,5211926.46576529,B32062,Forsyth St at Huntington Ave,42.339202,-71.090511,Boston,Yes,15,168,POINT (-71.090511 42.339202),,,,,,
-7913746.48931626,5219743.20808388,S32015,Foss Park,42.39108438,-71.09039426,Somerville,Yes,15,169,POINT (-71.09039426 42.39108438),,,,,,
-7912510.95651433,5206645.7630901,C32037,Four Corners - 157 Washington St,42.30412793,-71.07929528,Boston,Yes,11,170,POINT (-71.07929528 42.30412793),,,,,,
-7912390.13033903,5206508.40560773,C32111,Four Corners/Geneva T Stop,42.30321535,-71.07820988,Boston,Yes,15,171,POINT (-71.07820988 42.30321535),,,,,,
-7913950.28636083,5207498.94036493,C32027,Franklin Park - Seaver St at Humboldt Ave,42.309796,-71.092225,Boston,Yes,15,172,POINT (-71.092225 42.309796),,,,,,
-7913184.63090316,5206546.58367769,C32030,Franklin Park Zoo - Franklin Park Rd at Blue Hill Ave,42.303469,-71.085347,Boston,Yes,14,173,POINT (-71.085347 42.303469),,,,,,
-7919655.84997598,5218476.28353861,M32051,Fresh Pond Reservation,42.38267828,-71.14347895,Cambridge,Yes,17,174,POINT (-71.14347895 42.38267828),,,,,,
-7913540.27441234,5216026.45991621,M32078,Galileo Galilei Way at Fulkerson St/Binney St,42.3664204,-71.0885418,Cambridge,Yes,19,175,POINT (-71.0885418 42.3664204),,,commercial,,,bicycle_rental
-7913673.69972762,5215511.70611235,M32072,Galileo Galilei Way at Main Street,42.36300378,-71.08974038,Cambridge,Yes,19,176,POINT (-71.08974038 42.36300378),,,commercial,,,bicycle_rental
-7909769.34669923,5203462.53207103,C32040,Gallivan Blvd at Adams St,42.28297568,-71.05466698,Boston,Yes,15,177,POINT (-71.05466698 42.28297568),,,,,,
-7908734.18675434,5208864.1488914,C32090,Geiger Gibson Community Health Center,42.31886468,-71.04536798,Boston,Yes,19,178,POINT (-71.04536798 42.31886468),,,,,,
-7914219.61273686,5219087.74587631,S32046,Gilman Square T at Medford St,42.3867355,-71.0946444,Somerville,Yes,19,179,POINT (-71.0946444 42.3867355),,,,,,
-7908670.57657091,5223238.94953377,V32006,Glendale Square (Ferry St at Broadway),42.41427294,-71.04479656,Everett,Yes,15,180,POINT (-71.04479656 42.41427294),,,,,,
-7893723.86884217,5239329.49228603,T32014,Goodhue St at Grove St,42.520897,-70.910528,Salem,Yes,11,181,POINT (-70.910528 42.520897),,,,,,
-7913295.43164512,5217029.85696181,M32081,Gore Street at Lambert Street,42.3730798,-71.08634234,Cambridge,Yes,19,182,POINT (-71.08634234 42.3730798),way,37061802.0,retail,,,parking
-7907645.1949301,5216652.81797773,A32049,Gove St at Orleans St,42.37057753,-71.0355854,Boston,Yes,19,183,POINT (-71.0355854 42.37057753),,,,,,
-7910340.27987722,5215032.87108579,B32032,Government Center - Cambridge St at Court St,42.3598254,-71.05979576,Boston,Yes,35,184,POINT (-71.05979576 42.3598254),,,,,,
-7917542.93479625,5218516.37411783,M32068,Graham and Parks School ? Linnaean St at Walker St,42.3829443,-71.12449831,Cambridge,Yes,18,185,POINT (-71.12449831 42.3829443),,,grass,,,school
-7908459.45247746,5222316.6779425,V32015,Gramsdorf Playground,42.408156,-71.0429,Everett,Yes,14,186,POINT (-71.0429 42.408156),,,,,,
-7915632.99178367,5207616.80624119,E32005,Green Street T Stop - Green St at Amory St,42.310579,-71.107341,Boston,Yes,23,187,POINT (-71.107341 42.310579),,,,,,
-7912695.38174112,5207215.044669,B32028,Grove Hall Library - 41 Geneva Ave,42.30791,-71.080952,Boston,Yes,15,188,POINT (-71.080952 42.30791),,,,,,
-7917054.77099925,5220542.45057753,S32019,Grove St at Community Path,42.39638681,-71.12011306,Somerville,Yes,15,189,POINT (-71.12011306 42.39638681),,,,,,
-7913841.23890085,5224604.88470821,F32005,Haines Square,42.42333137,-71.09124541,Medford,Yes,11,190,POINT (-71.09124541 42.42333137),,,,,,
-7909563.55258299,5223397.89786449,V32012,Hale Park,42.4153271,-71.0528183,Everett,Yes,11,191,POINT (-71.0528183 42.4153271),,,,,,
-7910385.21065009,5207502.44019262,C32113,Hancock St at Pleasant St,42.30981925,-71.06019938,,Yes,19,192,POINT (-71.06019938 42.30981925),,,,,,
-7912759.57523868,5222718.08135626,F32004,Harris Park,42.41081837,-71.08152866,Medford,Yes,11,193,POINT (-71.08152866 42.41081837),,,,,,
-7910596.74217289,5213466.34626126,D32043,Harrison Ave at Bennet St,42.3494261,-71.0620996,Boston,Yes,17,194,POINT (-71.0620996 42.3494261),,,,,,
-7911448.38080525,5211925.2609608,C32093,Harrison Ave at E. Dedham St,42.339194,-71.06975,Boston,Yes,19,195,POINT (-71.06975 42.339194),,,,,,
-7910790.51712371,5212832.16368057,C32057,Harrison Ave at Mullins Way,42.34521562,-71.06384031,Boston,Yes,19,196,POINT (-71.06384031 42.34521562),,,,,,
-7918180.7286868,5213482.02182465,D32035,Harvard Ave at Brainerd Rd,42.34953017,-71.13022771,Boston,Yes,15,197,POINT (-71.13022771 42.34953017),,,,,,
-7917251.54489715,5216899.81948007,M32016,Harvard Kennedy School at Bennett St / Eliot St,42.3722168,-71.12188071,Cambridge,Yes,23,198,POINT (-71.12188071 42.3722168),,,grass,,,university
-7917036.06264562,5217923.62293289,M32020,Harvard Law School at Mass Ave / Jarvis St,42.379011,-71.119945,Cambridge,Yes,19,199,POINT (-71.119945 42.379011),,,,,,university
-7917151.94734873,5217067.37679912,M32017,Harvard Square at Brattle St / Eliot St,42.3733288,-71.12098601,Cambridge,Yes,15,200,POINT (-71.12098601 42.3733288),,,commercial,,,bicycle_rental
-7916884.0002212,5217058.21531508,M32018,Harvard Square at Mass Ave/ Dunster,42.373268,-71.118579,Cambridge,Yes,19,201,POINT (-71.118579 42.373268),,,construction,,,bicycle_rental
-7917588.04701989,5212702.05432153,K32017,Harvard St and Stedman St,42.34435176,-71.12490356,Brookline,Yes,15,202,POINT (-71.12490356 42.34435176),,,,,,
-7914283.93536503,5215962.26595453,M32055,Harvard St at Greene-Rose Heritage Park,42.36599433,-71.09522222,Cambridge,Yes,19,203,POINT (-71.09522222 42.36599433),,,residential,,,bench
-7917509.72707895,5216267.31733604,A32052,Harvard Stadium: N. Harvard St at Soldiers Field Rd,42.368019,-71.1242,Boston,Yes,15,204,POINT (-71.1242 42.368019),,,,relation,2415825.0,university
-7916693.19861398,5217762.98234882,M32023,Harvard University / SEAS Cruft-Pierce Halls at 29 Oxford St,42.377945,-71.116865,Cambridge,Yes,17,205,POINT (-71.116865 42.377945),,,grass,relation,2415825.0,university
-7916377.05126013,5217525.49244756,M32021,Harvard University Gund Hall at Quincy St / Kirkland St,42.376369,-71.114025,Cambridge,Yes,15,206,POINT (-71.114025 42.376369),,,religious,relation,2415825.0,university
-7916377.05126013,5217525.49244756,M32021,Harvard University Gund Hall at Quincy St / Kirkland St,42.376369,-71.114025,Cambridge,Yes,15,206,POINT (-71.114025 42.376369),,,religious,node,3061427038.0,bicycle_rental
-7916398.09064389,5216056.68352487,M32014,Harvard University Housing - 115 Putnam Ave at Peabody Terrace,42.366621,-71.114214,Cambridge,Yes,15,207,POINT (-71.114214 42.366621),,,grass,node,3061426234.0,bicycle_rental
-7916398.09064389,5216056.68352487,M32014,Harvard University Housing - 115 Putnam Ave at Peabody Terrace,42.366621,-71.114214,Cambridge,Yes,15,207,POINT (-71.114214 42.366621),,,grass,relation,2415825.0,university
-7917610.6938571,5218115.91299653,M32024,Harvard University Radcliffe Quadrangle at Shepard St / Garden St,42.380287,-71.125107,Cambridge,Yes,19,208,POINT (-71.125107 42.380287),,,grass,node,3061426235.0,bicycle_rental
-7916693.79306006,5216451.14662743,M32038,Harvard University River Houses at DeWolfe St / Cowperthwaite St,42.36923907,-71.11687034,Cambridge,Yes,21,209,POINT (-71.11687034 42.36923907),,,grass,,,university
-7891475.78285755,5239552.18498047,T32008,Hawthorne Boulevard,42.5223714,-70.8903331,Salem,Yes,9,210,POINT (-70.8903331 42.5223714),,,,,,
-7917192.72367821,5209734.44351534,K32010,High St at Cypress St,42.32464511,-71.12135231,Brookline,Yes,15,211,POINT (-71.12135231 42.32464511),,,,,,
-7915134.29938922,5211657.71984806,B32003,HMS/HSPH - Avenue Louis Pasteur at Longwood Ave,42.33741748,-71.10286117,Boston,Yes,25,212,POINT (-71.10286117 42.33741748),,,,,,
-7905231.18724445,5222204.2071697,R32006,Revere City Hall,42.40741,-71.0139,Revere,Yes,11,213,POINT (-71.0139 42.40741),,,,,,
-7904679.2652091,5222306.42585955,R32007,Revere Public Library,42.408088,-71.008942,Revere,Yes,11,214,POINT (-71.008942 42.408088),,,,,,
-7918048.73605337,5219996.67364456,M32036,Rindge Avenue - O'Neill Library,42.392766,-71.129042,Cambridge,Yes,19,215,POINT (-71.129042 42.392766),,,,relation,12571695.0,school
-7918048.73605337,5219996.67364456,M32036,Rindge Avenue - O'Neill Library,42.392766,-71.129042,Cambridge,Yes,19,215,POINT (-71.129042 42.392766),,,,node,3061428705.0,bicycle_rental
-7915934.20006185,5211536.12616651,A32056,Riverway at Brookline Ave,42.33661006,-71.1100468,Boston,Yes,25,216,POINT (-71.1100468 42.33661006),,,,,,
-7912204.90917788,5216030.42845433,M32035,Rogers St & Land Blvd,42.36644674,-71.07654601,Cambridge,Yes,19,217,POINT (-71.07654601 42.36644674),,,grass,,,bicycle_rental
-7917905.35654923,5204078.9094055,C32047,Roslindale Village - South St,42.287072,-71.127754,Boston,Yes,15,218,POINT (-71.127754 42.287072),,,,,,
-7917955.59726181,5203963.82012891,C32046,Roslindale Village - Washington St,42.28630716,-71.12820532,Boston,Yes,15,219,POINT (-71.12820532 42.28630716),,,,,,
-7916435.75002762,5200692.99413241,E32014,Ross Playground,42.2645666,-71.1145523,Boston,Yes,19,220,POINT (-71.1145523 42.2645666),,,,,,
-7909327.63318615,5214628.77617717,D32008,Rowes Wharf at Atlantic Ave,42.357143,-71.050699,Boston,Yes,15,221,POINT (-71.050699 42.357143),,,,,,
-7914278.23358071,5210719.027364,C32001,Roxbury Crossing T Stop - Columbus Ave at Tremont St,42.331184,-71.095171,Boston,Yes,23,222,POINT (-71.095171 42.331184),,,,,,
-7912859.99877772,5208714.89443111,B32022,Roxbury YMCA - Warren St at MLK Blvd,42.31787329,-71.08243078,Boston,Yes,10,223,POINT (-71.08243078 42.31787329),,,,,,
-7913478.36185115,5211481.06752133,B32002,Ruggles T Stop - Columbus Ave at Melnea Cass Blvd,42.33624445,-71.08798563,Boston,Yes,26,224,POINT (-71.08798563 42.33624445),,,,,,
-7916028.25389962,5210179.94182024,E32007,S Huntington Ave at Heath St,42.32760387,-71.1108917,Boston,Yes,15,225,POINT (-71.1108917 42.32760387),,,,,,
-7892200.12765219,5239797.26780861,T32012,Salem MBTA - Lower Level,42.523994,-70.89684,Salem,Yes,11,226,POINT (-70.89684 42.523994),,,,,,
-7892118.99021493,5239715.46054933,T32005,Salem MBTA - Washington at Federal St,42.52345239,-70.89611113,Salem,Yes,13,227,POINT (-70.89611113 42.52345239),,,,,,
-7891970.89410397,5236449.18720475,T32007,Salem State University - Bike Path at Loring Ave,42.50182399,-70.89478076,Salem,Yes,15,228,POINT (-70.89478076 42.50182399),,,,,,
-7909683.96687618,5207619.96741515,C32033,Savin Hill T Stop - S Sydney St at Bay St,42.3106,-71.0539,Boston,Yes,14,229,POINT (-71.0539 42.3106),,,,,,
-7909046.50360452,5214031.50686318,C32036,Seaport Blvd at Sleeper St,42.35317809,-71.04817357,Boston,Yes,15,230,POINT (-71.04817357 42.35317809),,,,,,
-7908323.35772079,5213373.58577619,B32014,Seaport Hotel - Congress St at Seaport Ln,42.34881026,-71.04167744,Boston,Yes,19,231,POINT (-71.04167744 42.34881026),,,,,,
-7908622.07355558,5213776.01085077,B32007,Seaport Square - Seaport Blvd at Northern Ave,42.35148193,-71.04436085,Boston,Yes,23,232,POINT (-71.04436085 42.35148193),,,,,,
-7914738.07881245,5216355.64631724,M32063,Sennott Park Broadway at Norfolk Street,42.36860524,-71.09930186,Cambridge,Yes,19,233,POINT (-71.09930186 42.36860524),,,grass,,,bicycle_rental
-7912631.88176399,5211421.08331318,D32059,Shawmut Ave at Lenox St,42.33584613,-71.08038157,Boston,Yes,19,234,POINT (-71.08038157 42.33584613),,,,,,
-7910985.49766461,5213333.6962153,D32048,Shawmut Ave at Oak St W,42.34854543,-71.06559185,Boston,Yes,15,235,POINT (-71.06559185 42.34854543),,,,,,
-7911003.10284208,5204958.48175566,E32009,Shawmut T Stop,42.292917,-71.06575,Boston,Yes,19,236,POINT (-71.06575 42.292917),,,,,,
-7891385.67306933,5238947.50740825,T32003,Shetland Park - Congress at Peabody St,42.51836788,-70.88952363,Salem,Yes,11,237,POINT (-70.88952363 42.51836788),,,,,,
-7915253.73184451,5214720.68275251,M32047,Sidney Research Campus/Erie Street at Waverly,42.35775309,-71.10393405,Cambridge,Yes,19,238,POINT (-71.10393405 42.35775309),,,commercial,,,post_box
-7914879.90652289,5213476.87495909,D32032,Silber Way,42.349496,-71.10057592,Boston,Yes,19,239,POINT (-71.10057592 42.349496),,,,,,university
-7920446.70482678,5219941.12865173,M32069,Smith Pl at Wilson Rd,42.39239749,-71.15058332,Cambridge,Yes,19,240,POINT (-71.15058332 42.39239749),,,industrial,,,parking
-7916850.23701964,5215701.48538122,A32006,Soldiers Field Park - 111 Western Ave,42.36426344,-71.1182757,Boston,Yes,15,241,POINT (-71.1182757 42.36426344),,,,,,university
-7914606.51475906,5219104.09841938,S32001,Somerville City Hall,42.386844,-71.09812,Somerville,Yes,19,242,POINT (-71.09812 42.386844),,,,,,
-7914532.34926151,5219865.85983597,S32036,Somerville City Hall Annex,42.39189812,-71.09745376,Somerville,Yes,19,243,POINT (-71.09745376 42.39189812),,,,,,
-7914371.63063349,5219037.18127909,S32048,Somerville High School & Central Library,42.3864,-71.09601,Somerville,Yes,17,244,POINT (-71.09601 42.3864),,,,,,
-7915769.38265017,5219647.02191036,S32020,Somerville Hospital,42.39044622,-71.10856622,Somerville,Yes,15,245,POINT (-71.10856622 42.39044622),,,,,,
-7907999.70298048,5211405.2515333,C32017,South Boston Library - 646 E Broadway,42.335741,-71.03877,Boston,Yes,15,246,POINT (-71.03877 42.335741),,,,,,
-7912238.41523142,5212247.25041428,A32009,South End Library - Tremont St at W Newton St,42.341332,-71.076847,Boston,Yes,15,247,POINT (-71.076847 42.341332),,,,,,
-7909867.31007752,5213880.40855399,A32010,South Station - 700 Atlantic Ave,42.352175,-71.055547,Boston,Yes,47,248,POINT (-71.055547 42.352175),,,,,,
-7909130.37504847,5217822.20506105,D32023,Spaulding Rehabilitation Hospital - Charlestown Navy Yard,42.378338,-71.048927,Boston,Yes,19,249,POINT (-71.048927 42.378338),,,,,,
-7921875.08528817,5202636.32260437,C32087,Spring St at Powell St,42.27748444,-71.16341468,Boston,Yes,19,250,POINT (-71.16341468 42.27748444),,,,,,
-7915626.95938046,5212979.98740855,K32007,St Mary's,42.34619708,-71.10728681,Brookline,Yes,15,251,POINT (-71.10728681 42.34619708),,,,,,
-7914954.55292064,5211036.54103692,B32063,St. Alphonsus St at Tremont St,42.33329255,-71.10124648,Boston,Yes,18,252,POINT (-71.10124648 42.33329255),,,,,,
-7909540.14209408,5212669.70874905,C32024,State Street at Channel Center,42.344137,-71.052608,Boston,Yes,19,253,POINT (-71.052608 42.344137),,,,,,
-7915302.70685448,5208578.30334551,D32041,Stony Brook T Stop,42.316966,-71.104374,Boston,Yes,19,254,POINT (-71.104374 42.316966),,,,,,
-7911745.6862221,5213484.10949173,D32049,Stuart St at Berkeley St,42.34954403,-71.07242074,Boston,Yes,19,255,POINT (-71.07242074 42.34954403),,,,,,
-7911063.10404762,5213725.40985323,D32011,Stuart St at Charles St,42.351146,-71.066289,Boston,Yes,18,256,POINT (-71.066289 42.351146),,,,,,
-7912049.34464228,5218743.63463936,D32053,Sullivan Square,42.38445226,-71.07514855,Boston,Yes,19,257,POINT (-71.07514855 42.38445226),,,,,,
-7903466.60410975,5222343.97567521,R32001,Sumner St at Shirley Ave,42.40833706,-70.99804848,Revere,Yes,11,258,POINT (-70.99804848 42.40833706),,,,,,
-7909490.60492067,5214781.22868693,A32013,Surface Rd at India St,42.358155,-71.052163,Boston,Yes,19,259,POINT (-71.052163 42.358155),,,,,,
-7909980.52311285,5213996.50107969,A32042,Surface Rd at Summer St,42.3529457,-71.05656401,Boston,Yes,27,260,POINT (-71.05656401 42.3529457),,,,,,
-7910187.38144342,5222972.30815936,V32007,Swan St. Park,42.41250451,-71.05842225,Everett,Yes,15,261,POINT (-71.05842225 42.41250451),,,,,,
-7909645.45923793,5209094.35455789,C32064,Sydney St at Carson St,42.32039374,-71.05355408,Boston,Yes,19,262,POINT (-71.05355408 42.32039374),,,,,,
-7913380.99848492,5205209.24630657,C32043,Talbot Ave At Blue Hill Ave,42.2945833,-71.087111,Boston,Yes,15,263,POINT (-71.087111 42.2945833),,,,,,
-7912363.65522453,5204858.32828117,C32110,Talbot Ave T Station,42.29225148,-71.07797205,Boston,Yes,19,264,POINT (-71.07797205 42.29225148),,,,,,
-7917808.46517764,5210747.06113941,K32008,Tappan St at Brookline Hills MBTA,42.33137017,-71.12688361,Brookline,Yes,15,265,POINT (-71.12688361 42.33137017),,,,,,
-7917699.85297686,5221219.69270967,S32011,Teele Square,42.4008795,-71.12590793,Somerville,Yes,15,266,POINT (-71.12590793 42.4008795),,,,,,
-7914414.96063208,5208931.10708011,E32011,The Dimock Center,42.31930943,-71.09639924,Boston,Yes,16,267,POINT (-71.09639924 42.31930943),,,,,,
-7908604.27913498,5216677.90100739,A32033,The Eddy - New St at Sumner St,42.370744,-71.044201,Boston,Yes,15,268,POINT (-71.044201 42.370744),,,,,,
-7908584.57558511,5212768.36037951,C32028,The Lawn on D,42.344792,-71.044024,Boston,Yes,19,269,POINT (-71.044024 42.344792),,,,,,
-7919880.62517859,5213069.30390479,D32054,The Overlook at St. Gabriel's,42.34679008,-71.14549814,Boston,Yes,18,270,POINT (-71.14549814 42.34679008),,,,,,
-7912897.91864906,5215879.48053839,M32048,Third at Binney,42.36544486,-71.08277142,Cambridge,Yes,15,271,POINT (-71.08277142 42.36544486),,,grass,,,bicycle_rental
-7919777.2639182,5221112.44328174,L32005,Thorndike Field at Minuteman Bikeway,42.40016805,-71.14456963,Arlington,Yes,11,272,POINT (-71.14456963 42.40016805),,,,,,
-7911433.46399349,5212858.72918725,C32000,Tremont St at E Berkeley St,42.345392,-71.069616,Boston,Yes,19,273,POINT (-71.069616 42.345392),,,,,,
-7910548.52524865,5214559.5331183,B32056,Tremont St at Hamilton Pl,42.35668335,-71.06166646,Boston,Yes,18,274,POINT (-71.06166646 42.35668335),,,,,,
-7912777.59118507,5211810.47391603,C32056,Tremont St at Northampton St,42.3384318,-71.0816905,Boston,Yes,19,275,POINT (-71.0816905 42.3384318),,,,,,
-7911945.36555871,5212430.56037671,C32060,Tremont St at W. Dedham St,42.34254914,-71.07421449,Boston,Yes,15,276,POINT (-71.07421449 42.34254914),,,,,,
-7910735.7134252,5214302.7891272,D32014,Tremont St at West St,42.354979,-71.063348,Boston,Yes,15,277,POINT (-71.063348 42.354979),,,,,,
-7910321.15964148,5214957.03418451,A32058,Tremont St. at Court St.,42.359322,-71.059624,,Yes,19,278,POINT (-71.059624 42.359322),,,,,,
-7910614.15254125,5212611.27132139,C32035,Troy Boston,42.343749,-71.062256,Boston,Yes,5,279,POINT (-71.062256 42.343749),,,,,,
-7915687.76097313,5220852.55180967,S32042,Trum Field @ Cedar St (Temp Winter Station),42.398444,-71.107833,Somerville,Yes,19,280,POINT (-71.107833 42.398444),,,,,,
-7915497.96124133,5221342.93042923,F32003,Tufts Sq - Main St at Medford St,42.401697,-71.106128,Medford,Yes,11,281,POINT (-71.106128 42.401697),,,,,,
-7918969.45956172,5214054.99224794,A32001,Union Square - Brighton Ave at Cambridge St,42.353334,-71.137313,Boston,Yes,19,282,POINT (-71.137313 42.353334),,,,,,
-7914304.25562488,5218019.60170897,S32002,Union Square - Somerville,42.3796479,-71.09540476,Somerville,Yes,19,283,POINT (-71.09540476 42.3796479),,,,,,
-7913713.50980392,5218084.41694264,S32041,Union Square East,42.380078,-71.090098,Somerville,Yes,19,284,POINT (-71.090098 42.380078),,,,,,
-7907745.43367878,5207859.19306701,C32014,University of Massachusetts Boston - Campus Center,42.31218918,-71.03648586,Boston,Yes,19,285,POINT (-71.03648586 42.31218918),,,,,,
-7914822.57921152,5215458.07366131,M32040,University Park,42.36264779,-71.10006094,Cambridge,Yes,19,286,POINT (-71.10006094 42.36264779),,,grass,,,bicycle_rental
-7910290.5501211,5215773.13231582,A32053,Valenti Way at Haverhill St,42.36473899,-71.05934903,Boston,Yes,24,287,POINT (-71.05934903 42.36473899),,,,,,
-7919018.85313298,5218881.59322171,M32057,Vassal Lane at Tobin/VLUS,42.38536765,-71.13775671,Cambridge,Yes,19,288,POINT (-71.13775671 42.38536765),way,318027696.0,construction,,,parking
-7916268.91105399,5216943.79545514,M32050,Verizon Innovation Hub 10 Ware Street,42.37250865,-71.11305356,Cambridge,Yes,19,289,POINT (-71.11305356 42.37250865),,,commercial,,,bicycle_rental
-7892737.50356968,5234103.65081531,T32017,Vinnin Square,42.48628785,-70.90166733,Salem,Yes,11,290,POINT (-70.90166733 42.48628785),,,,,,
-7909410.4771512,5211912.38462239,C32029,W Broadway at D St,42.3391085,-71.0514432,Boston,Yes,20,291,POINT (-71.0514432 42.3391085),,,,,,
-7908830.0350623,5211438.0776959,C32016,W Broadway at Dorchester St,42.33595898,-71.046229,Boston,Yes,17,292,POINT (-71.046229 42.33595898),,,,,,
-7914389.3359985,5207894.54047211,C32102,Walnut Ave at School St,42.31242399,-71.09616905,Boston,Yes,19,293,POINT (-71.09616905 42.31242399),,,,,,
-7910395.52106133,5216844.24896675,D32021,Warren St at Chelsea St,42.371848,-71.060292,Boston,Yes,23,294,POINT (-71.060292 42.371848),,,,,,
-7918624.22553812,5212025.30091766,K32011,Washington Sq,42.33985827,-71.13421171,Brookline,Yes,15,295,POINT (-71.13421171 42.33985827),,,,,,
-7913379.52795444,5218228.98620075,S32043,Washington St @ New Washington St (Temp Winter Station),42.38103732,-71.08709779,Somerville,Yes,15,296,POINT (-71.08709779 42.38103732),,,,,,
-7921530.22752444,5213395.06321801,D32029,Washington St at Brock St,42.34895285,-71.16031677,Boston,Yes,15,297,POINT (-71.16031677 42.34895285),,,,,,
-7925885.07940013,5214138.78151372,N32001,Washington St at Crafts St,42.35389024,-71.19943707,Newton,Yes,11,298,POINT (-71.19943707 42.35389024),,,,,,
-7912482.29285865,5211308.57027559,C32005,Washington St at Lenox St,42.33509899,-71.07903779,Boston,Yes,15,299,POINT (-71.07903779 42.33509899),,,,,,
-7912722.76633586,5210964.92993577,B32026,Washington St at Melnea Cass Blvd,42.332817,-71.081198,Boston,Yes,19,300,POINT (-71.081198 42.332817),,,,,,
-7911926.03381594,5211822.94349877,C32006,Washington St at Rutland St,42.3385146,-71.07404083,Boston,Yes,27,301,POINT (-71.07404083 42.3385146),,,,,,
-7911677.25367832,5204569.62396511,C32038,Washington St at Talbot Ave,42.290333,-71.071806,Boston,Yes,17,302,POINT (-71.071806 42.290333),,,,,,
-7926799.30630299,5213772.42435137,N32014,Washington St at Walnut St,42.35145812,-71.20764971,Newton,Yes,11,303,POINT (-71.20764971 42.35145812),,,,,,
-7911354.24904384,5212283.80549365,D32002,Washington St at Waltham St,42.34157472,-71.0689044,Boston,Yes,15,304,POINT (-71.0689044 42.34157472),,,,,,
-7908770.31883467,5213791.68692688,C32034,Watermark Seaport - Boston Wharf Rd at Seaport Blvd,42.351586,-71.04569256,Boston,Yes,15,305,POINT (-71.04569256 42.351586),,,,,,
-7924557.84939405,5216203.14434106,W32005,Watertown City Hall,42.36759308,-71.18751436,Watertown,Yes,11,306,POINT (-71.18751436 42.36759308),,,,,,
-7924359.57602261,5215851.6771434,W32002,Watertown Sq,42.36526032,-71.18573324,Watertown,Yes,15,307,POINT (-71.18573324 42.36526032),,,,,,
-7927486.41806755,5214170.99351999,N32006,Watertown St at Albemarle Rd,42.35410408,-71.21382214,Newton,Yes,11,308,POINT (-71.21382214 42.35410408),,,,,,
-7912114.27396167,5221444.11469673,V32014,Wellington MBTA,42.4023682,-71.07573182,Everett,Yes,19,309,POINT (-71.07573182 42.4023682),,,,,,
-7914400.68279419,5211683.099876,B32021,Wentworth Institute of Technology - Huntington Ave at Vancouver St,42.33758601,-71.09627098,Boston,Yes,12,310,POINT (-71.09627098 42.33758601),,,,,,
-7910860.24542635,5215949.24099302,D32022,West End Park,42.36590788,-71.06446669,Boston,Yes,35,311,POINT (-71.06446669 42.36590788),,,,,,
-7928872.66076209,5213492.61530888,N32005,West Newton,42.3496005,-71.22627497,Newton,Yes,15,312,POINT (-71.22627497 42.3496005),,,,,,
-7913946.23655776,5210971.83879098,B32059,Whittier St Health Center,42.33286288,-71.09218862,Boston,Yes,19,313,POINT (-71.09218862 42.33286288),,,,,,
-7915669.50457664,5207008.67620129,D32040,Williams St at Washington St,42.306539,-71.107669,Boston,Yes,23,314,POINT (-71.107669 42.306539),,,,,,
-7916387.77800626,5218928.03350598,S32005,Wilson Square,42.38567579,-71.11412136,Somerville,Yes,15,315,POINT (-71.11412136 42.38567579),,,,,,
-7917991.13044327,5215100.40771731,A32040,Honan Library,42.3602737,-71.12852452,Boston,Yes,15,316,POINT (-71.12852452 42.3602737),,,,,,
-7911815.25979065,5218079.49663555,D32060,Hood Park,42.38004535,-71.07304573,Boston,Yes,23,317,POINT (-71.07304573 42.38004535),,,,,,
-7914427.8536555,5222175.02529336,F32006,Hormel Stadium,42.40721644,-71.09651506,Medford,Yes,11,318,POINT (-71.09651506 42.40721644),,,,,,
-7914689.99992437,5211532.43509938,B32033,Huntington Ave at Mass Art,42.33658555,-71.09886996,Boston,Yes,15,319,POINT (-71.09886996 42.33658555),,,,,,
-7918630.69320053,5218321.40999118,M32044,Huron Ave At Vassal Lane,42.38165061,-71.13426981,Cambridge,Yes,19,320,POINT (-71.13426981 42.38165061),,,,,,bicycle_rental
-7916598.24308833,5205432.54415661,C32089,Hyde Park Ave at Walk Hill St,42.29606705,-71.116012,Boston,Yes,15,321,POINT (-71.116012 42.29606705),,,,,,
-7917321.48582002,5199530.45253567,E32013,Hyde Park Library,42.2568376,-71.122509,Boston,Yes,15,322,POINT (-71.122509 42.2568376),,,,,,
-7915911.35841554,5209300.84675118,E32003,Hyde Square - Barbara St at Centre St,42.32176526,-71.10984161,Boston,Yes,15,323,POINT (-71.10984161 42.32176526),,,,,,
-7906874.70820652,5212773.6318696,C32020,ID Building East,42.344827,-71.028664,Boston,Yes,17,324,POINT (-71.028664 42.344827),,,,,,
-7907203.10070436,5212768.96283537,C32021,ID Building West,42.344796,-71.031614,Boston,Yes,19,325,POINT (-71.031614 42.344796),,,,,,
-7910717.79098718,5212935.39273535,C32025,Ink Block - Harrison Ave at Herald St,42.345901,-71.063187,Boston,Yes,25,326,POINT (-71.063187 42.345901),,,,,,
-7914845.27168972,5217208.76915628,M32062,Inman Square at Springfield St.,42.37426714,-71.10026479,Cambridge,Yes,25,327,POINT (-71.10026479 42.37426714),,,retail,relation,19130918.0,parking
-7917554.00885919,5215618.51994813,A32011,Innovation Lab - 125 Western Ave at Batten Way,42.36371276,-71.12459779,Boston,Yes,19,328,POINT (-71.12459779 42.36371276),,,,,,university
-7914831.53709094,5209476.38642079,E32006,Jackson Square T Stop,42.32293117,-71.10014141,Boston,Yes,18,329,POINT (-71.10014141 42.32293117),,,,,,
-7916564.50326387,5206934.41325216,D32052,Jamaica St at South St,42.30604563,-71.11570891,Boston,Yes,19,330,POINT (-71.11570891 42.30604563),,,,,,
-7917969.71146005,5213033.33019138,K32004,JFK Crossing at Harvard St. / Thorndike St.,42.34655124,-71.12833211,Brookline,Yes,15,331,POINT (-71.12833211 42.34655124),,,,,,
-7909381.21793624,5209086.22456188,C32013,JFK/UMass T Stop,42.32033974,-71.05118036,Boston,Yes,31,332,POINT (-71.05118036 42.32033974),,,,,,
-7913291.78704499,5216420.49987728,M32083,John Ahern Field at Kennedy-Longfellow School,42.36903567,-71.0863096,Cambridge,Yes,19,333,POINT (-71.0863096 42.36903567),,,,,,school
-7910409.38590391,5222015.94072304,V32013,Kearins Playground,42.40616124,-71.06041655,Everett,Yes,11,334,POINT (-71.06041655 42.40616124),,,,,,
-7912830.73733637,5215595.52936516,M32032,Kendall Street,42.36356016,-71.08216792,Cambridge,Yes,17,335,POINT (-71.08216792 42.36356016),,,grass,,,parking
-7913140.9647197,5215424.93676551,M32004,Kendall T,42.36242784,-71.08495474,Cambridge,Yes,23,336,POINT (-71.08495474 42.36242784),,,commercial,,,bicycle_parking
-7914482.83880479,5213357.88177388,B32010,Kenmore Square,42.348706,-71.097009,Boston,Yes,26,337,POINT (-71.097009 42.348706),,,,,,university
-7913233.9621355,5216498.44437057,M32065,Kennedy-Longfellow School 158 Spring St,42.36955298,-71.08579015,Cambridge,Yes,19,338,POINT (-71.08579015 42.36955298),,,,way,180993113.0,school
-7891642.75207498,5237899.39996861,T32006,Lafayette at Leach St,42.51142784,-70.89183301,Salem,Yes,11,339,POINT (-70.89183301 42.51142784),,,,,,
-7914879.60818665,5215581.14596658,M32009,Lafayette Square at Mass Ave / Main St / Columbia St,42.36346469,-71.10057324,Cambridge,Yes,15,340,POINT (-71.10057324 42.36346469),,,,,,bicycle_parking
-7915077.71569205,5212602.46959163,B32015,Landmark Center - Brookline Ave at Park Dr,42.34369056,-71.10235287,Boston,Yes,15,341,POINT (-71.10235287 42.34369056),,,,,,
-7925153.0346363,5210620.24649943,N32008,Langley Lot,42.330528,-71.192861,Newton,Yes,11,342,POINT (-71.192861 42.330528),,,,,,
-7914834.50598176,5213152.84496186,B32058,Lansdowne T Stop,42.34734473,-71.10016808,Boston,Yes,27,343,POINT (-71.10016808 42.34734473),,,,,,
-7912873.33596591,5211684.43115093,D32061,Lenox St at Kendall St,42.33759485,-71.08255059,Boston,Yes,17,344,POINT (-71.08255059 42.33759485),,,,,,
-7916932.95742005,5219089.63282269,M32039,Lesley University,42.38674802,-71.11901879,Cambridge,Yes,15,345,POINT (-71.11901879 42.38674802),,,construction,relation,11234979.0,university
-7916932.95742005,5219089.63282269,M32039,Lesley University,42.38674802,-71.11901879,Cambridge,Yes,15,345,POINT (-71.11901879 42.38674802),,,construction,way,819258326.0,university
-7908170.16874312,5215914.71325525,A32057,Lewis Mall Wharf,42.36567871,-71.04030132,Boston,Yes,21,346,POINT (-71.04030132 42.36567871),,,,,,
-7909347.44805551,5215642.36030755,D32006,Lewis Wharf at Atlantic Ave,42.363871,-71.050877,Boston,Yes,19,347,POINT (-71.050877 42.363871),,,,,,
-7918212.8209828,5220759.69478015,M32025,Linear Park - Mass. Ave. at Cameron Ave.,42.397828,-71.130516,Cambridge,Yes,19,348,POINT (-71.130516 42.397828),,,residential,,,bicycle_rental
-7920277.70736823,5222497.29131344,L32002,Linwood St at Minuteman Bikeway,42.40935396,-71.14906519,Arlington,Yes,11,349,POINT (-71.14906519 42.40935396),,,,,,
-7915539.37209191,5211840.1720314,A32004,Longwood Ave at Binney St,42.338629,-71.1065,Boston,Yes,15,350,POINT (-71.1065 42.338629),,,,,,
-7916359.97818982,5214640.14977275,M32022,Lower Cambridgeport at Magazine St / Riverside Rd,42.3572185,-71.11387163,Cambridge,Yes,19,351,POINT (-71.11387163 42.3572185),way,263432791.0,retail,,,bicycle_rental
-7915477.03762984,5220752.97172542,S32013,Magoun Square at Trum Field,42.3977834,-71.10594004,Somerville,Yes,19,352,POINT (-71.10594004 42.3977834),,,,,,
-7910875.9759836,5217410.06486368,D32020,Main St at Austin St,42.375603,-71.064608,Boston,Yes,11,353,POINT (-71.064608 42.375603),,,,,,
-7911546.23063766,5218201.81185816,D32036,Main St at Baldwin St,42.380857,-71.070629,Boston,Yes,19,354,POINT (-71.070629 42.380857),,,,,,
-7915978.4161636,5222852.36473828,F32001,Main St at Brooks Park,42.411709,-71.110444,Medford,Yes,11,355,POINT (-71.110444 42.411709),,,,,,
-7910789.92490402,5217300.88763798,D32038,Main St at Thompson Sq,42.37487847,-71.06383499,Boston,Yes,15,356,POINT (-71.06383499 42.37487847),,,,,,
-7913877.02700394,5215496.31193016,M32080,Main Street/Albany Street/Technology Square,42.3629016,-71.0915669,Cambridge,Yes,23,357,POINT (-71.0915669 42.3629016),way,58339370.0,commercial,,,university
-7911830.09533918,5225088.91730985,G32001,Malden Center T Station,42.426541,-71.073179,Malden,Yes,11,358,POINT (-71.073179 42.426541),,,,,,
-7910801.2750393,5225088.41360374,G32003,Malden High School,42.42653766,-71.06393695,Malden,Yes,11,359,POINT (-71.06393695 42.42653766),,,,,,
-7917120.7367031,5212065.08406321,K32012,Marion St at Harvard St,42.34012243,-71.12070564,Brookline,Yes,15,360,POINT (-71.12070564 42.34012243),,,,,,
-7915033.98160371,5209663.36020012,E32012,Martha Eliot Health Center,42.324173,-71.10196,Boston,Yes,16,361,POINT (-71.10196 42.324173),,,,,,
-7914448.74609754,5215263.81732497,M32061,Mass Ave at Albany St,42.36135838,-71.09670274,Cambridge,Yes,18,362,POINT (-71.09670274 42.36135838),,,commercial,,,bicycle_rental
-7917332.45635583,5219762.09997355,M32056,Mass Ave at Hadley/Walden,42.39120972,-71.12260755,Cambridge,Yes,19,363,POINT (-71.12260755 42.39120972),,,retail,,,bicycle_rental
-7912964.4999497,5212250.88904802,C32063,Mass Ave T Station,42.34135616,-71.08336953,Boston,Yes,14,364,POINT (-71.08336953 42.34135616),,,,,,
-7914864.98080556,5215596.25704789,M32085,Mass Ave/Lafayette Square,42.36356499,-71.10044184,Cambridge,Yes,15,365,POINT (-71.10044184 42.36356499),,,,,,recycling
-7912769.70976512,5212172.39969089,C32004,Massachusetts Ave at Columbus Ave,42.340835,-71.0816197,Boston,Yes,13,366,POINT (-71.0816197 42.340835),,,,,,
-7914064.3888389,5202621.94833677,C32050,Mattapan Library,42.2773889,-71.09325,Boston,Yes,15,367,POINT (-71.09325 42.2773889),,,,,,
-7914107.9147598,5201194.72546748,C32045,Mattapan T Stop,42.267902,-71.093641,Boston,Yes,15,368,POINT (-71.093641 42.267902),,,,,,
-7908111.94530985,5216391.63265801,A32030,Maverick Square - Lewis Mall,42.36884408,-71.03977829,Boston,Yes,33,369,POINT (-71.03977829 42.36884408),,,,,,
-7907397.43670542,5216225.46441633,A32044,Maverick St at Massport Path,42.36774122,-71.03335975,Boston,Yes,15,370,POINT (-71.03335975 42.36774122),,,,,,
-7892073.3069223,5238897.26233522,T32004,Mayor Salvo Path at Mill St,42.5180352,-70.89570075,Salem,Yes,11,371,POINT (-70.89570075 42.5180352),,,,,,
-7910240.53983986,5208839.77005558,C32112,Meaney Playground - Pleasant St at E Cottage St,42.31870275,-71.05889978,,Yes,17,372,POINT (-71.05889978 42.31870275),,,,,,
-7915717.70591616,5223759.31713372,F32002,Medford Sq - Riverside Ave at River St,42.417724,-71.108102,Medford,Yes,11,373,POINT (-71.108102 42.417724),,,,,,
-7910425.04521668,5218137.38311785,D32037,Medford St at Charlestown BCYF,42.38042947,-71.06055722,Boston,Yes,19,374,POINT (-71.06055722 42.38042947),,,,,,
-7914058.60022538,5214772.94316135,M32006,MIT at Mass Ave / Amherst St,42.3581,-71.093198,Cambridge,Yes,27,375,POINT (-71.093198 42.3581),,,grass,relation,65066.0,university
-7913335.04245953,5215140.78831491,M32070,MIT Carleton St at Amherst St,42.36054174,-71.08669817,Cambridge,Yes,27,376,POINT (-71.08669817 42.36054174),,,recreation_ground,relation,65066.0,university
-7913203.73110139,5215188.63993777,M32071,MIT Hayward St at Amherst St,42.36085937,-71.08551858,Cambridge,Yes,27,377,POINT (-71.08551858 42.36085937),,,grass,relation,65066.0,university
-7914959.92742565,5214994.87723451,M32041,MIT Pacific St at Purrington St,42.3595732,-71.10129476,Cambridge,Yes,19,378,POINT (-71.10129476 42.3595732),,,commercial,relation,65066.0,university
-7913831.28693837,5215380.2507266,M32005,MIT Stata Center at Vassar St / Main St,42.36213123,-71.09115601,Cambridge,Yes,35,379,POINT (-71.09115601 42.36213123),way,1047762285.0,grass,relation,65066.0,university
-7915254.92630264,5214396.51829276,M32042,MIT Vassar St,42.35560121,-71.10394478,Cambridge,Yes,53,380,POINT (-71.10394478 42.35560121),,,grass,relation,65066.0,university
-7913842.93095711,5209251.59607538,B32023,MLK Blvd at Washington St,42.32143814,-71.09126061,Boston,Yes,15,381,POINT (-71.09126061 42.32143814),,,,,,
-7912128.37257518,5216863.72573154,M32086,Morgan Ave at North First St,42.37197726,-71.07585847,Cambridge,Yes,23,382,POINT (-71.07585847 42.37197726),,,construction,,,bench
-7912621.24296025,5202826.28043219,C32103,Morton St at Gallivan Blvd,42.278747,-71.080286,Boston,Yes,15,383,POINT (-71.080286 42.278747),,,,,,
-7918511.85964411,5217286.997404,M32043,Mt Auburn,42.37478629,-71.13320231,Cambridge,Yes,19,384,POINT (-71.13320231 42.37478629),,,residential,,,hospital
-7911795.55290119,5214386.73725146,D32017,Mugar Way at Beacon St,42.35553628,-71.0728687,Boston,Yes,19,385,POINT (-71.0728687 42.35553628),,,,,,
-7906326.45971437,5211511.72087541,C32023,Murphy Skating Rink - 1880 Day Blvd,42.336448,-71.023739,Boston,Yes,19,386,POINT (-71.023739 42.336448),,,,,,
-7911605.65520824,5216217.7742751,M32045,Museum of Science,42.36769018,-71.07116282,Cambridge,Yes,19,387,POINT (-71.07116282 42.36769018),,,,,,bicycle_rental
-7910837.57075927,5215913.8529637,A32025,Nashua Street at Red Auerbach Way,42.365673,-71.064263,Boston,Yes,36,388,POINT (-71.064263 42.365673),,,,,,
-7913919.2282229,5208568.66832031,B32027,NCAAA - Walnut Ave at Crawford St,42.316902,-71.091946,Boston,Yes,15,389,POINT (-71.091946 42.316902),,,,,,
-7920018.35633177,5214656.82906238,D32001,New Balance - 20 Guest St,42.35732922,-71.1467354,Boston,Yes,14,390,POINT (-71.1467354 42.35732922),,,,,,
-7911086.36982119,5210028.6369379,C32022,Newmarket Square T Stop - Massachusetts Ave at Newmarket Square,42.326599,-71.066498,Boston,Yes,15,391,POINT (-71.066498 42.326599),,,,,,
-7926657.18136951,5209346.07473109,N32010,Newton Highlands T,42.32206566,-71.20637298,Newton,Yes,15,392,POINT (-71.20637298 42.32206566),,,,,,
-7926815.42981804,5211474.88114287,N32013,Newton Library,42.33620337,-71.20779455,Newton,Yes,13,393,POINT (-71.20779455 42.33620337),,,,,,
-7921112.73490617,5216207.27416876,W32007,Nichols Ave. at Watertown Greenway,42.36762049,-71.15656637,Watertown,Yes,12,394,POINT (-71.15656637 42.36762049),,,,,,
-7926110.49357662,5215162.30441625,N32002,Nonantum Library,42.36068456,-71.201462,Newton,Yes,15,395,POINT (-71.201462 42.36068456),,,,,,
-7893235.68723405,5240689.33031085,T32015,North St at Liberty Hill Ave,42.52989965,-70.90614259,Salem,Yes,11,396,POINT (-70.90614259 42.52989965),,,,,,
-7911230.52856177,5224684.60376714,G32002,Northern Strand at Main St,42.42386,-71.067793,Malden,Yes,11,397,POINT (-71.067793 42.42386),,,,,,
-7922217.53966409,5213638.64783986,D32031,Oak Square - 615 Washington St,42.35057,-71.166491,Boston,Yes,13,398,POINT (-71.166491 42.35057),,,,,,
-7915752.36412642,5214707.03281691,M32076,Old Morse Park at Putnam Ave,42.35766248,-71.10841334,Cambridge,Yes,15,399,POINT (-71.10841334 42.35766248),,,recreation_ground,,,bicycle_rental
-7910513.44179793,5214829.83323247,B32061,One Beacon St,42.35847764,-71.0613513,Boston,Yes,16,400,POINT (-71.0613513 42.35847764),,,,,,
-7915312.8469469,5211131.43354467,B32036,One Brigham Circle,42.3339227,-71.10446509,Boston,Yes,15,401,POINT (-71.10446509 42.3339227),,,,,,
-7912935.68935229,5215396.90721541,M32003,One Broadway / Kendall Sq at Main St / 3rd St,42.36224179,-71.08311072,Cambridge,Yes,23,402,POINT (-71.08311072 42.36224179),,,commercial,,,bicycle_rental
-7913890.73043326,5216004.85446449,M32002,One Kendall Square at Hampshire St / Portland St,42.366277,-71.09169,Cambridge,Yes,19,403,POINT (-71.09169 42.366277),,,commercial,,,waste_basket
-7912637.88633732,5215303.12897413,M32053,One Memorial Drive,42.36161932,-71.08043551,Cambridge,Yes,19,404,POINT (-71.08043551 42.36161932),way,1097286503.0,commercial,,,bicycle_rental
-7904362.67257728,5219094.60339093,A32035,Orient Heights T Stop - Bennington St at Saratoga St,42.386781,-71.006098,Boston,Yes,19,405,POINT (-71.006098 42.386781),,,,,,
-7902873.91910326,5222165.99756436,R32002,Orr Sq (Shirley Ave),42.40715656,-70.9927243,Revere,Yes,11,406,POINT (-70.9927243 42.40715656),,,,,,
-7917422.11863969,5221763.98590881,S32009,Packard Ave at Powderhouse Blvd,42.40449,-71.123413,Somerville,Yes,15,407,POINT (-71.123413 42.40449),,,,,,
-7917468.65018685,5213893.36288489,A32012,Packard's Corner - Commonwealth Ave at Brighton Ave,42.352261,-71.123831,Boston,Yes,27,408,POINT (-71.123831 42.352261),,,,,,
-7915405.90002245,5213137.22115418,A32008,Park Dr at Buswell St,42.347241,-71.105301,Boston,Yes,15,409,POINT (-71.105301 42.347241),,,,relation,6587738.0,university
-7911232.57461401,5213828.15005931,D32042,Park Plaza at Charles St S.,42.35182807,-71.06781138,Boston,Yes,19,410,POINT (-71.06781138 42.35182807),,,,,,
-7913993.29798569,5211819.01136166,Z32997,Parker St at Huntington Ave,42.33848849,-71.09261138,Boston,Yes,19,411,POINT (-71.09261138 42.33848849),,,,,,
-7915196.40008036,5217963.14304427,S32034,Perry Park,42.37927325,-71.10341903,Somerville,Yes,19,412,POINT (-71.10341903 42.37927325),,,,,,
-7908656.5436359,5213584.45211065,C32107,Pier 4 Blvd at Autumn Ln,42.3502102,-71.0446705,Boston,Yes,19,413,POINT (-71.0446705 42.3502102),,,,,,
-7908603.90955427,5224155.10132958,V32009,Pope John High School,42.4203487,-71.04419768,Everett,Yes,15,414,POINT (-71.04419768 42.4203487),,,,,,
-7916940.21656405,5219277.57275939,M32029,Porter Square Station,42.387995,-71.119084,Cambridge,Yes,19,415,POINT (-71.119084 42.387995),,,retail,,,bench
-7906886.26539606,5215679.73001099,A32050,Porzio Park,42.36411904,-71.02876782,Boston,Yes,17,416,POINT (-71.02876782 42.36411904),,,,,,
-7916682.84590134,5221219.31583838,S32008,Powder House Circle - Nathan Tufts Park,42.400877,-71.116772,Somerville,Yes,15,417,POINT (-71.116772 42.400877),,,,,,
-7912662.62820735,5213028.63090547,C32007,Prudential Center - 101 Huntington Ave,42.34652004,-71.08065777,Boston,Yes,18,418,POINT (-71.08065777 42.34652004),,,,,,
-7909603.9281623,5214254.58497082,A32026,Purchase St at Pearl St,42.354659,-71.053181,Boston,Yes,19,419,POINT (-71.053181 42.354659),,,,,,
-7920756.51253564,5223509.09663874,L32001,Railroad Lot and Minuteman Bikeway,42.41606457,-71.15336637,Arlington,Yes,11,420,POINT (-71.15336637 42.41606457),,,,,,
-7917889.32765575,5219183.3054137,M32079,Raymond Park at Walden St,42.38736954,-71.12761001,Cambridge,Yes,19,421,POINT (-71.12761001 42.38736954),,,residential,,,bicycle_rental
